,name,info,multi_race,asian,hispanic,black,white,native_american
0,Har Gobind Khorana, Nobel Prize in Medicine,0.01,69.32,0.14,0.12,30.39,0.02
1,Subramanyan Chandrasekhar, Nobel Prize for Physics,0.01,99.59,0.02,0,0.37,0
2,Amartya Sen, Nobel Memorial Prize in Economic Sciences in 1998; Professor of Economics and Philosophy at Harvard University,0.14,98.76,0.02,0.01,1.07,0.01
3,Venkatraman Ramakrishnan, Nobel Prize in Chemistry,0.03,99.95,0,0,0.02,0
4,Rakesh Khurana, Dean of Harvard College,0.08,99.78,0,0,0.13,0
5,Jamshed Bharucha, President Emeritus of Cooper Union,0.5,98.75,0.01,0.02,0.71,0.02
6,Vijay K. Dhir, Dean of the UCLA Henry Samueli School of Engineering and Applied Science,0.07,99.73,0.01,0.01,0.16,0.02
7,Dinesh D'Souza, Former president of The King's College,0,82.84,0.03,0.46,16.67,0
8,Anjli Jain, Executive Director of CampusEAI Consortium,0.07,99.67,0.01,0,0.25,0
9,Dipak C. Jain, Dean of INSEAD and former Dean of the Kellogg School of Management at Northwestern University,0.06,99.72,0,0,0.21,0
10,Vistasp Karbhari, President of the University of Texas at Arlington,0,66.75,0.17,0.13,32.94,0.01
11,Pramod Khargonekar, control theorist; Dean and Eckis Professor,0.47,61.52,1.15,1.11,35.51,0.23
12,Renu Khator, Chancellor of the University of Houston System and President of the University of Houston,0.01,97.33,0.02,0.02,2.63,0
13,Pradeep Khosla, Chancellor of the University of California,0.24,99.43,0.01,0,0.32,0.01
14,Vijay Kumar, Associate Dean of School of Engineering and Applied Science at the University of Pennsylvania,0.19,99.62,0.01,0,0.17,0.01
15,Geeta Menon, Dean of the Undergraduate College at New York University Stern School of Business,0.12,99.53,0.01,0,0.33,0.01
16,Nitin Nohria, Dean of Harvard Business School,0.24,40.82,0.99,2.26,55.58,0.12
17,Sethuraman Panchanathan, Executive Vice President and Chief Research and Innovation Officer at Arizona State University,0.01,94.31,0.07,0.02,5.59,0
18,Michael Rao, President of Virginia Commonwealth University,0.18,49.96,0.3,0.25,49.24,0.07
19,Beheruz Sethna, President of the University of West Georgia,0.36,64.37,0.83,0.64,33.77,0.03
20,Paul Shrivastava, Distinguished Professor and Director,0.21,84.32,0.19,0.23,15.02,0.03
21,Molly Easo Smith, President of Manhattanville College,0.05,0.12,0.19,5.24,94.23,0.17
22,Kumble R. Subbaswamy, Chancellor of the University of Massachusetts Amherst,0.08,14.59,4.24,3.15,77.77,0.16
23,Subra Suresh, President of Carnegie Mellon University,0,99.74,0,0,0.25,0
24,Satish K. Tripathi, President of University at Buffalo,0.1,99.8,0.01,0,0.08,0.01
25,Sundaraja Sitharama Iyengar, Ryder Professor of Computer Science and Director of the School of Computing and Information Sciences at Florida International University,0.2,95.47,0.1,0.07,4.15,0.01
26,S. Shankar Sastry, Dean of the UC Berkeley College of Engineering,0,69.34,0.17,3.71,26.78,0
27,Shreeram Shankar Abhyankar, mathematician,0,99.54,0,0,0.46,0
28,Raghu Raj Bahadur, statistician,1.21,97.76,0.05,0.15,0.75,0.09
29,Manjul Bhargava, professor of mathematics at Princeton University and winner of Fields Medal,0.07,99.86,0,0,0.07,0
30,Raj Chandra Bose, mathematician,0.21,91.76,0.04,0.2,7.76,0.04
31,Sarvadaman Chowla, mathematician specializing in number theory,0.05,36.39,2.78,2.07,58.6,0.11
32,Harish-Chandra, mathematician,0,14.92,10.37,0.76,73.95,0
33,Narendra Karmarkar, mathematician,0,97.55,0.01,0.01,2.43,0
34,Chandrashekhar Khare, professor of mathematics at the University of California Los Angeles,0.04,99.19,0,0,0.76,0.01
35,G. S. Maddala, mathematician and economist best known for work in the field of econometrics,0,16.06,1.13,7.85,74.96,0
36,Anil Nerode, mathematician,0.52,60.52,1.33,1.49,35.88,0.26
37,K. C. Sreedharan Pillai, mathematician,0.01,78.75,0.63,2.71,17.9,0
38,Calyampudi Radhakrishna Rao, professor at Penn State University and research professor at the University at Buffalo,0.06,89.23,0.14,0.05,10.51,0.01
39,S. R. Srinivasa Varadhan, NYU mathematician who specialised in probability; winner of the Abel Prize and Steele Prize,0,18.67,0.37,1.88,79.08,0
40,Akshay Venkatesh, mathematician,0.06,99.85,0,0,0.08,0
41,DJ Patil, mathematician & Data scientist,0,79.89,0.97,4.14,15.01,0
42,Abhijit Banerjee, Ford Foundation International Professor of Economics at MIT,0.09,99.45,0.01,0,0.44,0.01
43,Kaushik Basu, Chief Economist of the World Bank,0.11,99.57,0,0,0.31,0
44,Jagdish Natwarlal Bhagwati, Professor of Economics at Columbia University,0.18,87.31,0.38,0.38,11.67,0.09
45,Alok Bhargava, Professor of Economics at the University of Maryland School of Public Policy,0.07,99.84,0,0,0.08,0
46,V. V. Chari, Professor of Economics at the University of Minnesota,0.01,43.6,2.52,7.24,46.63,0
47,Raj Chetty, Professor of Economics at Harvard University,0.35,98.54,0.03,0.06,1.02,0
48,Avinash Kamalakar Dixit, Professor of Economics at Princeton University,,,,,,
49,Gita Gopinath, Professor of Economics,,,,,,
50,Sendhil Mullainathan, Professor of Economics,,,,,,
51,Arvind Panagariya, Professor of Economics at Columbia University,,,,,,
52,Raghuram Rajan Professor University of Chicago and former Governor of Reserve Bank of India,,,,,,,
53,Debraj Ray, Silver Professor of Economics,,,,,,
54,Ruchir Sharma, chief global strategist of asset management and emerging markets equity,,,,,,
55,Arvind Subramanian, Chief Economic Advisor Government of India and formerly an economist at the International Monetary Fund,,,,,,
56,Anant Agarwal, Professor of Electrical Engineering and Director of the Computer Science and Artificial Intelligence Laboratory at MIT,,,,,,
57,Ashwin Ram, Head of artificial intelligence Amazon Alexa,,,,,,
58,K. Mani Chandy, Professor of Computer Science at the California Institute of Technology,,,,,,
59,Anil K. Jain (born 1946), Professor,,,,,,
60,Anil K. Jain (born 1948), Distinguished Professor in the Department of Computer Science and Engineering at Michigan State University,,,,,,
61,Bhubaneswar Mishra, Professor of Computer Science,,,,,,
62,Raj Jain, Professor of Computer Science and Engineering at Washington University School of Engineering and Applied Science,,,,,,
63,Aravind Joshi, Professor of Computer and Cognitive Science at the University of Pennsylvania,,,,,,
64,Thomas Kailath, Professor of Engineering at Stanford University,,,,,,
65,Avinash Kak, Professor of Electrical and Computer Engineering at Purdue University,,,,,,
66,Saraju Mohanty, Professor of Computer Science and Engineering at the University of North Texas,,,,,,
67,Shwetak Patel, Professor of Computer Science and Electrical Engineering at the University of Washington,,,,,,
68,Arogyaswami Paulraj, Professor of Electrical Engineering at Stanford University,,,,,,
69,Krishna Saraswat, Professor of Electrical Engineering at Stanford University,,,,,,
70,Ricky J. Sethi, Professor of Computer Science at Fitchburg State University; Director of Research at The Madsci Network,,,,,,
71,Amit Sheth, computer scientist at Wright State University in Dayton,,,,,,
72,Madhu Sudan, Professor of Computer Science at Harvard University,,,,,,
73,Umesh Vazirani, Professor of Electrical Engineering and Computer Science at the University of California,,,,,,
74,Vijay Vazirani, Professor of Computer Science at Georgia Institute of Technology,,,,,,
75,Nita Ahuja, Chief of Surgical oncology at Johns Hopkins Hospital,,,,,,
76,Kuzhikalail M. Abraham, professor at Northeastern University,,,,,,
77,Pulickel M. Ajayan, Professor of Material Science at Rice University,,,,,,
78,Salman Akhtar, professor at the Jefferson Medical College,,,,,,
79,Muzaffar Alam, Professor in South Asian Languages & Civilizations at the University of Chicago,,,,,,
80,Akhil Amar, Professor of Law at Yale Law School,,,,,,
81,Vikram Amar, Professor of Law at the University of California,,,,,,
82,Abhay Ashtekar, Professor of Physics at Pennsylvania State University,,,,,,
83,Satya N. Atluri, Professor of Mechanical & Aerospace Engineering at University of California,,,,,,
84,P.S. Ayyaswamy, Professor of Dynamical Engineering at the University of Pennsylvania,,,,,,
85,Mahzarin Banaji, professor at Harvard University,,,,,,
86,Homi K. Bhabha, professor at Harvard University,,,,,,
87,Sugata Bose, Professor of History at Harvard University,,,,,,
88,Ananda Mohan Chakrabarty, Professor of Microbiology at University of Illinois at Chicago,,,,,,
89,Naresh Dalal, Dirac Professor of Chemistry and Biochemistry at Florida State University,,,,,,
90,Aswath Damodaran, Professor of Finance at the Stern School of Business at New York University,,,,,,
91,Ashok Das, Professor of Physics at the University of Rochester,,,,,,
92,Ashok Gadgil, Professor in Civil and Environmental Engineering at the University of California,,,,,,
93,Rajit Gadh, Professor of Mechanical and Aerospace Engineering at University of California,,,,,,
94,Swapan K. Gayen, Professor of Physics at the City University of New York,,,,,,
95,Raj Mittra, an Electrical Engineering professor at Pennsylvania State University,,,,,,
96,Anirvan Ghosh, professor at the University of California,,,,,,
97,Vijay Govindarajan, Coxe Distinguished Professor at Dartmouth College’s Tuck School of Business and the Marvin Bower Fellow at Harvard Business School,,,,,,
98,Kausalya Hart, scholar of Tamil language at UC Berkeley,,,,,,
99,Narayan Hosmane, Professor of Chemistry and Biochemistry at Northern Illinois University,,,,,,
100,Ravi Jagannathan, professor at the Kellogg School of Management,,,,,,
101,Rakesh Jain, Professor of Tumor Biology at Massachusetts General Hospital in the Harvard Medical School,,,,,,
102,Jainendra K. Jain, Professor of Physics at Pennsylvania State University,,,,,,
103,Piyare Jain, Professor Emeritus at University at Buffalo,,,,,,
104,S. Lochlann Jain, associate professor in the Anthropology Department at Stanford University,,,,,,
105,Sachin H. Jain, physician and health policy analyst at Harvard Medical School,,,,,,
106,Nazir Jairazbhoy, Professor of folk and classical music of South Asia at University of California at Los Angeles,,,,,,
107,M. A. Muqtedar Khan, Associate Professor in the Department of Political Science and International Relations at the University of Delaware,,,,,,
108,Ravindra Khattree, professor of statistics at Oakland University,,,,,,
109,Shrinivas Kulkarni, professor of astrophysics and planetary science at Caltech,,,,,,
110,Jagadeesh Moodera, American physicist of Indian origin; senior research scientist at MIT's Francis Bitter Magnet Laboratory,,,,,,
111,Bharati Mukherjee, author,,,,,,
112,C. M. Naim, scholar of Urdu language and literature at the University of Chicago,,,,,,
113,Jaishree Odin, Professor,,,,,,
114,C.K. Prahalad, Professor of Corporate Strategy at the Stephen M. Ross School of Business in the University of Michigan,,,,,,
115,Vijay Prashad, Professor of International Studies at Trinity College,,,,,,
116,Ishwar K. Puri, N. Waldo Harrison Professor of Engineering Science and Mechanics at Virginia Tech,,,,,,
117,Anantanand Rambachan, Professor of Religion at St. Olaf College,,,,,,
118,Vilayanur S. Ramachandran, behavioral neurologist and psychophysicist; Professor with the Psychology and Neurosciences University of California,,,,,,
119,K. R. Rao, professor at University of Texas at Arlington,,,,,,
120,J. N. Reddy, Professor and holder of the Oscar S. Wyatt Endowed Chair in Mechanical Engineering at Texas A&M University,,,,,,
121,Subir Sachdev, Herchel Smith Professor of Physics at Harvard University; Dirac Medal and National Academy of Sciences,,,,,,
122,Deepak Sarma, Professor of Religious Studies at Case Western Reserve University,,,,,,
123,Jagdish Sheth, Professor of Marketing at Goizueta Business School of Emory University,,,,,,
124,Jagdish Shukla, professor at George Mason University,,,,,,
125,Gayatri Chakravorty Spivak, professor at Columbia University,,,,,,
126,Marti G. Subrahmanyam, Professor of Finance at the Stern School of Business at New York University,,,,,,
127,Sanjay Subrahmanyam, holder of Navin and Pratima Doshi Chair of Indian History and scholar at UCLA,,,,,,
128,Mriganka Sur, Professor of Neuroscience at the MIT,,,,,,
129,Medha Yodh, scholar of classical Indian dance at UCLA,,,,,,
130,Thomas Abraham, Founder President of the Global Organization of People of Indian Origin (GOPIO) as well as the National Federation of Indian American Associations (NFIA),,,,,,
131,Maya Ajmera, founder of The Global Fund for Children and author of more than 20 books for children,,,,,,
132,Bhairavi Desai, founding member of the Taxi Workers Alliance in New York,,,,,,
133,Kartar Dhillon, Ghadar Party,,,,,,
134,Mallika Dutt, Executive Director of Breakthrough human rights organization,,,,,,
135,Vijaya Lakshmi Emani (1958-2009), social activist,,,,,,
136,Arun Manilal Gandhi, fifth grandson of Mohandas Gandhi,,,,,,
137,Abraham George, philanthropist humanitarian,,,,,,
138,Gitanjali S. Gutierrez, lawyer who is defending Guantanamo prisoners,,,,,,
139,Maya Harris, Executive Director of the ACLU of Northern California and sister of Kamala Harris,,,,,,
140,Girindra Mukerji, leader of one of the first Indian-American student protests against colonialism in 1908,,,,,,
141,Kavita Ramdas, President and CEO of Global Fund for Women,,,,,,
142,Inder Singh, Chairman of the Global Organization of People of Indian Origin (GOPIO),,,,,,
143,Bhagat Singh Thind, civil rights figure,,,,,,
144,Urvashi Vaid, gay rights activist,,,,,,
145,Ashok Amritraj, Hollywood film producer,,,,,,
146,Salma Arastu, artist,,,,,,
147,San Banarje, independent filmmaker,,,,,,
148,Rina Banerjee, artist,,,,,,
149,Prashant Bhargava, director,,,,,,
150,Jay Chandrasekhar, director,,,,,,
151,Nina Davuluri, Miss America 2014,,,,,,
152,Param Gill, director,,,,,,
153,Kovid Gupta, bestselling author and screenwriter,,,,,,
154,Reef Karim, actor,,,,,,
155,Neeraj Khemlani, producer for CBS News' 60 Minutes,,,,,,
156,Bharti Kirchner, writer,,,,,,
157,Adam Bhala Lough, director,,,,,,
158,Tirlok Malik, filmmaker and actor,,,,,,
159,Benny Mathews, film and music video director,,,,,,
160,Faris McReynolds, painter and musician,,,,,,
161,Govindini Murty, co-founder of the Liberty film festival,,,,,,
162,Mira Nair, director and producer,,,,,,
163,Sunil Nayar, TV writer and producer; producer of CSI: Miami,,,,,,
164,Yatin Patel, photographer and artist,,,,,,
165,Mythili Prakash, Bharatanatyam dancer and choreographer,,,,,,
166,Asha Puthli, singer-songwriter,,,,,,
167,Sarayu Rao, actor and director,,,,,,
168,Harish Saluja, filmmaker,,,,,,
169,Stephanie Sengupta, producer and writer,,,,,,
170,Mehul Shah, actor,,,,,,
171,Adi Shankar, producer and actor,,,,,,
172,Naren Shankar, TV writer,,,,,,
173,M. Night Shyamalan, director,,,,,,
174,Tarsem Singh, director,,,,,,
175,Rohit Gupta, director,,,,,,
176,Manick Sorcar, animator,,,,,,
177,Babu Subramaniam, director,,,,,,
178,Tina Sugandh, entertainer,,,,,,
179,Julie Titus, model,,,,,,
180,Serena Varghese, voice actress,,,,,,
181,Ben Kingsley, actor,,,,,,
182,Ravi Patel, actor,,,,,,
183,Dev Patel, actor,,,,,,
184,Waris Ahluwalia, fashion designer,,,,,,
185,Aziz Ansari, actor and comedian,,,,,,
186,Gabrielle Anwar, actress,,,,,,
187,Tanveer K. Atwal, actress,,,,,,
188,Erick Avari, actor,,,,,,
189,Sunkrish Bala, actor,,,,,,
190,Firdous Bamji, actor,,,,,,
191,Purva Bedi, actress,,,,,,
192,Summer Bishil, actress,,,,,,
193,Karan Brar," film and TV actor on Disney (""Diary of a Wimpy Kid"")",,,,,,
194,Samrat Chakrabarti, actor,,,,,,
195,Melanie Chandra, actress,,,,,,
196,Rory Cochrane, actor,,,,,,
197,Sabu Dastagir, actor,,,,,,
198,Sujata Day, actress,,,,,,
199,Manish Dayal, actor,,,,,,
200,Noureen DeWulf, actress,,,,,,
201,Raja Fenske, actor,,,,,,
202,Janina Gavankar, actress,,,,,,
203,Namrata Singh Gujral, actress,,,,,,
204,Sakina Jaffrey, actress,,,,,,
205,Poorna Jagannathan, actress and producer,,,,,,
206,Mindy Kaling, actress,,,,,,
207,Ravi Kapoor, actor,,,,,,
208,Rahul Kohli, actor,,,,,,
209,Deep Katdare, actor,,,,,,
210,Nivedita Kulkarni, actress,,,,,,
211,Shishir Kurup, actor,,,,,,
212,Nakul Dev Mahajan, Bollywood dancer and choreographer,,,,,,
213,Tirlok Malik, actor,,,,,,
214,Shelly Malil, film and TV actor,,,,,,
215,Aasif Mandvi, actor,,,,,,
216,Sunita Mani, actress,,,,,,
217,Ajay Mehta, TV actor,,,,,,
218,Ajay Naidu, actor,,,,,,
219,Anjul Nigam, actor,,,,,,
220,Maulik Pancholy, actor,,,,,,
221,Devika Parikh, actress,,,,,,
222,Kal Penn, actor,,,,,,
223,Danny Pudi, actor,,,,,,
224,Ritesh Rajan, actor,,,,,,
225,Sendhil Ramamurthy, actor,,,,,,
226,Dileep Rao, actor,,,,,,
227,Navi Rawat, actress,,,,,,
228,Sonal Shah, actress,,,,,,
229,Sheetal Sheth, actress,,,,,,
230,Tiya Sircar, actress,,,,,,
231,Omi Vaidya, actor,,,,,,
232,Aziz Ansari,,,,,,,
233,Aman Ali,,,,,,,
234,Arj Barker,,,,,,,
235,Jay Chandrasekhar,,,,,,,
236,Hari Kondabolu,,,,,,,
237,Adam Mamawala,,,,,,,
238,Russell Peters, born in Canada,,,,,,
239,Rajiv Satyal,,,,,,,
240,Anish Shah,,,,,,,
241,Azhar Usman,,,,,,,
242,Hasan Minhaj,,,,,,,
243,Paul Varghese, appeared on Last Comic Standing,,,,,,
244,Vikas Khanna, Michelin starred celebrity chef,,,,,,
245,H. Jay Dinshah, founded the American Vegan Society,,,,,,
246,Raghavan Iyer, chef,,,,,,
247,Jehangir Mehta, celebrity chef,,,,,,
248,Rajat Parr, sommelier,,,,,,
249,Naeem Khan,,,,,,,
250,Vashtie Kola,,,,,,,
251,Bibhu Mohapatra,,,,,,,
252,Christine Philip,,,,,,,
253,Rachel Roy,,,,,,,
254,Anchal Joseph, contestant on Cycle 7 of America's Next Top Model,,,,,,
255,Pooja Kumar, model,,,,,,
256,Padma Lakshmi, model,,,,,,
257,Akshay Kapoor, model,,,,,,
258,Deepak Ananthapadmanabha, online journalist,,,,,,
259,Erik Angra, documentary filmmaker,,,,,,
260,Asha Blake, Emmy award-winning journalist; works for KTLA-TV in Los Angeles,,,,,,
261,Sanjay Gupta, Journalist,,,,,,
262,Rajiv Chandrasekaran, assistant managing editor for continuous news,,,,,,
263,Syma Chowdhry, television host,,,,,,
264,Priya David, correspondent for CBS News,,,,,,
265,Dinesh D'Souza, political commentator,,,,,,
266,Deepa Fernandes, host of the WBAI radio program Wakeup Call,,,,,,
267,Deepti Hajela, journalist for the Associated Press,,,,,,
268,Pico Iyer, author and journalist for Time magazine,,,,,,
269,Shibani Joshi, reporter for the Fox Business Network,,,,,,
270,Sukanya Krishnan, news anchor for CW 11 Morning News on WPIX,,,,,,
271,Mish Michaels, meteorologist for the WBZ-TV Weather Team,,,,,,
272,Vinita Nair, anchor of World News Now and America This Morning on ABC,,,,,,
273,Kevin Negandhi, sports anchor for ESPN SportsCenter,,,,,,
274,Reena Ninan, Middle East correspondent for Fox News Channel,,,,,,
275,Asra Nomani, journalist,,,,,,
276,Uma Pemmaraju, senior news anchor for Fox News Channel,,,,,,
277,Ramesh Ponnuru, senior editor of the National Review magazine,,,,,,
278,Ash-har Quraishi, correspondent,,,,,,
279,Gopal Raju, pioneer of Indian American ethnic media,,,,,,
280,Aneesh Raman, first Indian-American Presidential speechwriter under President Barack Obama,,,,,,
281,Shihab Rattansi, CNN International anchor; news anchor for Al Jazeera English,,,,,,
282,Simran Sethi, journalist,,,,,,
283,Alpana Singh, television personality,,,,,,
284,Hari Sreenivasan, correspondent for CBS News and the PBS NewsHour,,,,,,
285,Sreenath Sreenivasan, Columbia University professor; WABC-TV technology reporter,,,,,,
286,Ali Velshi, business news anchor for CNN,,,,,,
287,Zain Verjee, CNN anchor,,,,,,
288,Fareed Zakaria, columnist for Time magazine and host of Fareed Zakaria GPS on CNN,,,,,,
289,Sandeep Das, won the Grammy award for Best World Music Album,,,,,,
290,Sonika Vaid, Indian-American singer,,,,,,
291,Bamboo Shoots, dance-rock band,,,,,,
292,Mr. Capone-E, West Coast Rapper,,,,,,
293,Jeff Bhasker, producer,,,,,,
294,Sameer Bhattacharya, one of two guitarists in the Texas alternative rock band Flyleaf,,,,,,
295,Das Racist, alternative hip hop group; two of the three members are Indian,,,,,,
296,Anoop Desai, finalist on the eighth season of American Idol,,,,,,
297,Falu, singer and songwriter,,,,,,
298,Sameer Gadhia, lead vocalist in Young the Giant,,,,,,
299,Ravi Hutheesing, singer-songwriter,,,,,,
300,Daya, singer,,,,,,
301,Vijay Iyer, jazz musician and composer,,,,,,
302,Sunny Jain, dhol player,,,,,,
303,Norah Jones, singer,,,,,,
304,Karsh Kale, Indian producer,,,,,,
305,Tony Kanal, two-time Grammy Award winner,,,,,,
306,Savan Kotecha, songwriter,,,,,,
307,KSHMR, electronic musician,,,,,,
308,Arun Luthra, jazz musician,,,,,,
309,Sanjaya Malakar, finalist on the sixth season of American Idol,,,,,,
310,Mathai, finalist on season 2 of The Voice,,,,,,
311,Zarin Mehta, executive director of the New York Philharmonic Orchestra,,,,,,
312,Zubin Mehta, former conductor,,,,,,
313,Sanjay Mishra, guitarist and composer,,,,,,
314,Vasant Rai, performer of Indian music,,,,,,
315,Paul Sabu, producer,,,,,,
316,Shaheen Sheik, songwriter,,,,,,
317,Bikram Singh, singer,,,,,,
318,Ambi Subramaniam, violinist and composer,,,,,,
319,Bindu Subramaniam, singer-songwriter,,,,,,
320,Kim Thayil, named among 100th greatest guitarists of all time by Rolling Stone,,,,,,
321,Zoya, a California-based singer and guitarist,,,,,,
322,Nav (rapper), a Canada-based rapper and producer,,,,,,
323,Sanjay Patel An animator and director and also illustrator of Pixar,,,,,,,
324,Shirish Korde, Composer,,,,,,
325,Prith Banerjee, Managing Director of Global Technology R&D at Accenture,,,,,,
326,Ajay Banga, President and CEO of MasterCard,,,,,,
327,Anu Aiyengar, Managing director of North American mergers and acquisitions of JPMorgan Chase & Co,,,,,,
328,Francis deSouza, CEO of Illumina,,,,,,
329,Rono Dutta, former President of United Airlines; Chairman of Air Sahara,,,,,,
330,Asim Ghosh, President and Chief Executive Officer at Husky Energy,,,,,,
331,Rajiv Gupta, CEO of SkyHigh Networks,,,,,,
332,Ajit Jain, President of Berkshire Hathaway Reinsurance Group,,,,,,
333,Anshu Jain, former co-CEO of Deutsche Bank,,,,,,
334,Sanjay Jha, CEO of Global Foundries and former CEO of Motorola Mobile Devices,,,,,,
335,Thomas Kurian, President of Product Development at Oracle Corporation,,,,,,
336,Victor Menezes, Chairman of Clearing House Association; former Chairman and CEO of Citibank,,,,,,
337,Satya Nadella, CEO of Microsoft,,,,,,
338,Ranji H. Nagaswami, Chief Investment Officer for AllianceBernstein Fund Investors,,,,,,
339,Shantanu Narayen, CEO of Adobe Systems,,,,,,
340,Indra Nooyi, Chairman and CEO of PepsiCo,,,,,,
341,Amit Munjal, founder and CEO of Doctor Insta and Former CFO of Citi Holdings,,,,,,
342,Dinesh Paliwal, Chairman and CEO of Harman International,,,,,,
343,Sundar Pichai, CEO of Google Inc.,,,,,,
344,Arati Prabhakar, Director of DARPA,,,,,,
345,Prakash Puram, President and CEO of iXmatch,,,,,,
346,Abbas Sadriwala, Chairman and CEO of the Fort Lauderdale-based Wireless Logix Group,,,,,,
347,Rajeev Suri, CEO of Nokia,,,,,,
348,Sonny Mehta, Chairman/Editor in chief of Alfred A. Knopf,,,,,,
349,Abhi Talwalkar, President and CEO of LSI Corporation,,,,,,
350,Padmasree Warrior, CEO of NIO (car company),,,,,,
351,Sandeep Tyagi, Chairman/Managing Director of Estee Advisors,,,,,,
352,Nikesh Arora, former Senior Vice President and Chief Business Officer of Google; former COO and President of SoftBank,,,,,,
353,Samir Arora, former CEO of Mode Media,,,,,,
354,Ramani Ayer, former Chairman and CEO of The Hartford Financial Services Group,,,,,,
355,Rakesh Gangwal, former CEO and Chairman of US Airways Group,,,,,,
356,Rajat Gupta, former Managing Director of McKinsey & Company,,,,,,
357,Umang Gupta, former CEO of Keynote Systems,,,,,,
358,Vyomesh Joshi, former Executive Vice President of Imaging and Printing Group,,,,,,
359,Anil Kumar, former Senior Partner and Chairman,,,,,,
360,Sanjay Kumar, former CEO of Computer Associates International,,,,,,
361,Bobby Mehta, former CEO and Vice Chairman of HSBC North America and former CEO of Transunion Company,,,,,,
362,Lakshmi Narayanan, Vice Chairman and former CEO of Cognizant Corporation,,,,,,
363,Vikram Pandit, former CEO of Citigroup,,,,,,
364,Vivek Ranadivé, former CEO of TIBCO Software,,,,,,
365,Kanwal Rekhi, former EVP and CTO of Novell,,,,,,
366,Arun Sarin, former president of Vodafone Group plc,,,,,,
367,Deven Sharma, former president of Standard & Poor's,,,,,,
368,Jay Sidhu, former Chairman and CEO of Sovereign Bancorp,,,,,,
369,Pradeep Sindhu, founder and CTO of Juniper Networks,,,,,,
370,Manoj Bhargava, founder and CEO of Innovations Ventures LLC; the company is known for producing the 5-hour Energy drink,,,,,,
371,Aneel Bhusri, co-founder and CEO of Workday,,,,,,
372,Amar Bose, founder and chairman of Bose Corporation,,,,,,
373,Bharat Desai, co-founder and chairman of Syntel,,,,,,
374,Sant Singh Chatwal, owner of the Bombay Palace chain of restaurants and Hampshire Hotels & Resorts,,,,,,
375,John Kapoor, founder and executive chairman of Insys Therapeutics,,,,,,
376,Vinod Khosla, founder of Khosla Ventures; co-founder of SUN Microsystems,,,,,,
377,Ram Shriram, venture fund capitalist and one of the first investors in Google,,,,,,
378,Romesh Wadhwani, founder,,,,,,
379,Somen Banerjee, co-founder of Chippendales,,,,,,
380,Ajit Gupta, founder and CEO of Speedera Networks,,,,,,
381,Agha Shahid Ali, poet,,,,,,
382,Shauna Singh Baldwin, novelist,,,,,,
383,Ravi Batra, bestselling author and economist,,,,,,
384,Susham Bedi, author,,,,,,
385,Anita Desai, novelist; shortlisted for the Booker prize three times; mother of Kiran Desai,,,,,,
386,Kiran Desai, winner of the 2006 Man Booker Prize,,,,,,
387,Ghalib Shiraz Dhalla, author,,,,,,
388,Chitra Banerjee Divakaruni, author,,,,,,
389,Anu Garg, author,,,,,,
390,Amitav Ghosh, Indo-nostalgic writer and winner of Prix Médicis étranger,,,,,,
391,Usha Haley, author,,,,,,
392,Rajiv Joseph, playwright,,,,,,
393,S. T. Joshi, literary critic,,,,,,
394,Siddharth Katragadda, author,,,,,,
395,Parag Khanna, author,,,,,,
396,Jhumpa Lahiri, Pulitzer Prize-winning author,,,,,,
397,Davan Maharaj, journalist and former editor-in-chief and publisher of the Los Angeles Times,,,,,,
398,Tulika Mehrotra, author,,,,,,
399,Dhan Gopal Mukerji, first successful Indian man of letters in the US; winner of the Newbery Medal,,,,,,
400,Bharati Mukherjee, author,,,,,,
401,Siddhartha Mukherjee, physician,,,,,,
402,Aimee Nezhukumatathil, poet,,,,,,
403,Indira Viswanathan Peterson, literary critic,,,,,,
404,Janaki Ram, author,,,,,,
405,Rishi Reddi, author,,,,,,
406,Saumitra Saxena, Hindi poet,,,,,,
407,Vijay Seshadri, Pulitzer Prize-winning poet and essayist,,,,,,
408,Vikram Seth, poet,,,,,,
409,Ravi Shankar, poet,,,,,,
410,Indu Sundaresan, author,,,,,,
411,Thrity Umrigar, author of Bombay Time,,,,,,
412,Abraham Verghese, doctor and author; wrote In My Own Country and My Tennis Partner,,,,,,
413,Kaavya Viswanathan, novelist,,,,,,
414,Ramya Ramana, poet,,,,,,
415,Roshani Chokshi novelist,,,,,,,
416,Joe Roche, Iraq war veteran and conservative political commentator,,,,,,
417,Uday Singh Taunque, first Indian American to die in Operation Iraqi Freedom; posthumously awarded Bronze Star and Purple Heart gallantry awards,,,,,,
418,Sunita Williams, astronaut and former Navy officer,,,,,,
419,John Abraham, former mayor of Teaneck,,,,,,
420,Saqib Ali, former member of the Maryland House of Delegates (Democratic),,,,,,
421,"Harvinder ""Harry"" Anand", mayor of Laurel Hollow,,,,,,
422,Sam Arora, member of the Maryland House of Delegates (Democratic),,,,,,
423,Kumar P. Barve, member of the Maryland House of Delegates (majority leader) (Democratic),,,,,,
424,Ravinder Bhalla – mayor, Hoboken,,,,,,
425,Satveer Chaudhary, former Minnesota State Senator (Democratic),,,,,,
426,Upendra J. Chivukula, member of the New Jersey General Assembly (Democratic),,,,,,
427,Swati Dandekar, Iowa State Senator (Democratic),,,,,,
428,Mervyn M. Dymally, 41st Lieutenant Governor of California (1975–1979); member of the U.S. House of Representatives (1981–1993) (Democratic),,,,,,
429,Kashmir Gill, mayor of Yuba City,,,,,,
430,Jay Goyal, member of the Ohio State Representative (Democratic),,,,,,
431,Raj Goyle, member of the Kansas State Representative (Democratic),,,,,,
432,Faz Husain, first native of India to win elected office in Michigan (Democratic),,,,,,
433,Bobby Jindal, former Governor of Louisiana; Vice Chairman of the Republican Governors Association (Republican),,,,,,
434,Nimi McConigley, former member of the Wyoming State Legislature (Republican),,,,,,
435,Aruna Miller, member of the Maryland House of Delegates (Democratic),,,,,,
436,Kshama Sawant, member of the Seattle City Council.,,,,,,
437,Harry Sidhu, city councilman of Anaheim,,,,,,
438,Balvir Singh, first Indian American member,,,,,,
439,Bala K. Srinivas, former mayor of Hollywood Park,,,,,,
440,Jenifer Rajkumar, Lower Manhattan district leader and candidate for the New York State Assembly (Democratic),,,,,,
441,Kamala Harris, former and 32nd Attorney General of California,,,,,,
442,Ami Bera, U.S. Representative for California's 7th congressional district,,,,,,
443,Raja Krishnamoorthi, U.S. Representative-elect for Illinois's 8th congressional district,,,,,,
444,Ro Khanna, U.S. Representative-elect for California's 17th congressional district,,,,,,
445,Pramila Jayapal, U.S. Representative-elect for Washington's 7th congressional district,,,,,,
446,Dalip Singh Saund, first Asian and Indian American member of the U.S. House of Representatives from California,,,,,,
447,Arif Alikhan, former Assistant Secretary for Policy Development at the U.S. Department of Homeland Security; former Deputy Mayor for Homeland Security and Public Safety for the City of Los Angeles; former senior adviser to Attorneys General John Ashcroft and Alberto Gonzales,,,,,,
448,Preeta D. Bansal, member and past chair of the United States Commission on International Religious Freedom; former Solicitor General of New York,,,,,,
449,Preet Bharara, United States Attorney for the Southern District of New York,,,,,,
450,Cathy Bissoon, judge for the United States District Court for the Western District of Pennsylvania,,,,,,
451,Nisha Desai Biswal, current Assistant Secretary of State for South and Central Asian Affairs,,,,,,
452,Joy Cherian, first Asian head of the Equal Employment Opportunity Commission,,,,,,
453,Aneesh Chopra, Federal Chief Technology Officer of the US,,,,,,
454,Har Dayal, founder of the Ghadar Party,,,,,,
455,Sabrina De Sousa, ex-CIA officer; is suing the US government for diplomatic immunity,,,,,,
456,Gurbir Grewal, Bergen County,,,,,,
457,Nikki Haley, current U.S. Ambassador to the United Nations and former Governor of South Carolina,,,,,,
458,Rashad Hussain, U.S. Special Envoy to the Organisation of Islamic Cooperation,,,,,,
459,Neel Kashkari, former interim Assistant Secretary of the Treasury for Financial Stability in the United States Department of the Treasury,,,,,,
460,Neal Katyal, Solicitor General of the United States,,,,,,
461,Atul Keshap, Ambassador of the United States to Sri Lanka and Maldives,,,,,,
462,Gopal Khanna, Chief Information Officer of Minnesota,,,,,,
463,Narayana Kocherlakota, President of Federal Reserve Bank of Minneapolis,,,,,,
464,Kris Kolluri, New Jersey Commissioner of Transportation,,,,,,
465,Vivek Kundra, Federal Chief Information Officer of the US,,,,,,
466,Arun Majumdar, Director of the U.S. Department of Energy's Advanced Research Projects Agency-Energy,,,,,,
467,Raj Mukherji, Deputy Mayor of Jersey City,,,,,,
468,Shekar Narasimhan, co-chair of the Democratic National Committee Indo-American Council,,,,,,
469,Ajit Pai, serving as Chairman at the Federal Communications Commission,,,,,,
470,Farah Pandith, Special Representative to Muslim Communities for the United States Department of State,,,,,,
471,Rachel Paulose, former United States Attorney for the District of Minnesota,,,,,,
472,Anant Raut, counsel to the U.S. House Judiciary Committee,,,,,,
473,Rajiv Shah, former Under Secretary of Agriculture for Research,,,,,,
474,Sonal Shah, member of the Obama-Biden Transition Project advisory board,,,,,,
475,Islam A. Siddiqui, Chief Agricultural Negotiator in the Office of the United States Trade Representative,,,,,,
476,Sabita Singh, first judge of Indian descent in Massachusetts history,,,,,,
477,Subra Suresh, Director of National Science Foundation,,,,,,
478,Vinai Thummalapally, served as U.S. Ambassador to Belize,,,,,,
479,Richard Verma, Assistant Secretary for Legislative and Intergovernmental Affairs,,,,,,
480,Surya Yalamanchili, 2010 US Congressional candidate,,,,,,
481,Vince Girdhari Chhabria, judge of the United States District Court for the Northern District of California ,,,,,,
482,Manish S. Shah, judge of the United States District Court for the Northern District of Illinois ,,,,,,
483,Srikanth Srinivasan, judge of the United States Court of Appeals for the District of Columbia Circuit,,,,,,
484,Indira Talwani, judge of the United States District Court for the District of Massachusetts ,,,,,,
485,Amul Thapar, judge of the United States Court of Appeals for the Sixth Circuit ,,,,,,
486,Chitrabhanu, Jain,,,,,,
487,Padmanabh Jaini, scholar of Jainism,,,,,,
488,Sushil Kumarji, Jain Acharya,,,,,,
489,Eboo Patel, member of New Faith Advisory Council,,,,,,
490,Anantanand Rambachan, Hindu scholar,,,,,,
491,Prem Rawat, also known as Guru Maharaji Ji,,,,,,
492,Muzammil Siddiqi, Ph.D.,,,,,,
493,Ravi Zacharias, Christian evangelist and apologist,,,,,,
494,Kuzhikalail M. Abraham, pioneer in lithium and lithium ion battery technologies,,,,,,
495,Ramesh K. Agarwal, aviation pioneer; William Palm Professor of Engineering at Washington University,,,,,,
496,Thomas Anantharaman, computer statistician specializing in Bayesian inference,,,,,,
497,Satya N. Atluri, aerospace and mechanics,,,,,,
498,VA Shiva Ayyadurai, inventor,,,,,,
499,Siva S. Banda, aerospace engineer and researcher,,,,,,
500,Krishna Bharat, Principal Scientist at Google; created Google News,,,,,,
501,Sabeer Bhatia, co-founder of Hotmail,,,,,,
502,Ajay Bhatt, co-inventor of the USB; Chief Client Platform Architect at Intel,,,,,,
503,Sharmila Bhattacharya, head of the Biomodel Performance and Behavior laboratory at NASA Ames Research Center,,,,,,
504,Mani Lal Bhaumik, contributor to excimer laser technology,,,,,,
505,Swapan Chattopadhyay, particle accelerator physicist,,,,,,
506,Kalpana Chawla, NASA space shuttle astronaut,,,,,,
507,Dhairya Dand, inventor and artist,,,,,,
508,Anil Dash, blogger and technologist,,,,,,
509,Vinod Dham," designed the Intel Pentium Chip Processor; the ""father of the Pentium Chip""",,,,,,
510,Rajiv Dutta, technology manager,,,,,,
511,Amitabha Ghosh, the only Asian on NASA's Mars Pathfinder mission,,,,,,
512,Anirvan Ghosh, neuroscientist,,,,,,
513,Noshir Gowadia, design engineer,,,,,,
514,Amit Goyal, scientist and inventor,,,,,,
515,Vic Gundotra, former Senior Vice President,,,,,,
516,Subrah Iyar, co-founder and CEO of Webex Communications,,,,,,
517,Subhash Kak, head of the Computer Science department at Oklahoma State University,,,,,,
518,Narinder Singh Kapany, engineer,,,,,,
519,Arjun Makhijani, electrical and nuclear engineer; President of the Institute for Energy and Environmental Research,,,,,,
520,Om Malik, technology journalist and blogger,,,,,,
521,Pranav Mistry, Sixth Sense Project,,,,,,
522,Samir Mitragotri, Professor of Chemical Engineering and Bioengineering at University of California,,,,,,
523,Vamsi Mootha, physician-scientist and computational biologist,,,,,,
524,Rajeev Motwani, professor,,,,,,
525,Siddhartha Mukherjee, scientist,,,,,,
526,Pran Nath, theoretical physicist at Northeastern University,,,,,,
527,Arun Netravali, scientist; former President of Bell Labs; former CTO of Lucent; pioneer of digital technology,,,,,,
528,Ajit V. Pai, Chairman of the United States Federal Communications Commission (FCC),,,,,,
529,Bedabrata Pain, co-inventor of the active pixel sensor,,,,,,
530,Vijay Raghunath Pandharipande, physicist,,,,,,
531,Deepak Pandya, neuroanatomist,,,,,,
532,C. Kumar N. Patel, developed the carbon dioxide laser,,,,,,
533,Jogesh Pati, theoretical physicist at the University of Maryland,,,,,,
534,DJ Patil, Chief Data Scientist of the United States Office of Science and Technology Policy,,,,,,
535,Arvind Rajaraman, theoretical physicist and string theorist,,,,,,
536,Ramesh Raskar, Femto-camera inventor,,,,,,
537,Vineeta Rastogi, public health worker,,,,,,
538,Raj Reddy, founder of the Robotics Institute at Carnegie Mellon University; winner of the Turing Award,,,,,,
539,V. Mohan Reddy, paediatric cardiothoracic surgeon at Stanford,,,,,,
540,Krishan Sabnani, engineer and Senior Vice President of the Networking Research Laboratory at Alcatel-Lucent Bell Labs in New Jersey,,,,,,
541,Avtar Saini, co-led the development of the Pentium processor Intel; holds seven patents related to microprocessor design,,,,,,
542,Ruchi Sanghvi, first female engineer of Facebook; former VP of Operations,,,,,,
543,Mahadev Satyanarayanan, computer science professor at Carnegie Mellon University; pioneer of research in mobile and pervasive computing,,,,,,
544,Khem Shahani, microbiologist who conducted pioneer research on probiotics; discovered the DDS-1 strain of Lactobacillus acidophilus,,,,,,
545,Amit Singhal, Google Fellow,,,,,,
546,Rangaswamy Srinivasan, member of the Inventors' Hall of Fame for pioneering work on excimer laser surgery,,,,,,
547,George Sudarshan, physicist,,,,,,
548,Ajit Varki, physician-scientist,,,,,,
549,Mathukumalli Vidyasagar, control theorist,,,,,,
550,Sunita Williams, NASA astronaut,,,,,,
551,Thomas Zacharia, computational scientist,,,,,,
552,Balamurali Ambati, world's youngest doctor,,,,,,
553,Paul Antony, MD,,,,,,
554,Sangeeta Bhatia, Harvard-MIT doctor and scientist; engineer of artificial liver cells,,,,,,
555,Deepak Chopra, alternative medicine advocate,,,,,,
556,Atul Gawande, general and endocrine surgeon,,,,,,
557,Anita Goel, Harvard-MIT physicist,,,,,,
558,Sanjay Gupta, neurosurgeon; CNN chief medical correspondent; declined offer by President Barack Obama to be nominated U.S. Surgeon General,,,,,,
559,Joia Mukherjee, Associate Professor with the Division of Global Health Equity at the Brigham and Women’s Hospital and the Department of Global Health and Social Medicine at Harvard Medical School,,,,,,
560,Vivek Murthy, 19th and former Surgeon General of the United States; former Vice Admiral of U.S. Public Health Corps,,,,,,
561,Amit Patel, cardiovascular surgeon and stem cell researcher; first person to inject stem cells directly into the heart,,,,,,
562,E. Premkumar Reddy, oncologist; Director of Fels institute of cancer research and molecular biology at Temple University,,,,,,
563,Harvinder Sahota, cardiologist; inventor of the FDA-approved perfusion balloon angioplasty; holds patents of 24 other medical inventions,,,,,,
564,Ashutosh Tewari, Professor of Urology at New York Presbyterian Hospital; prostate cancer surgeon,,,,,,
565,Vasant Lad, Ayurvedic physician,,,,,,
566,Prakash Amritraj, tennis player (born in the US),,,,,,
567,Stephen Amritraj, tennis player,,,,,,
568,Sanjay Beach, former NFL wide receiver; played for the San Francisco 49ers and the Green Bay Packers,,,,,,
569,Mohini Bhardwaj, second Indian American Olympic medalist,,,,,,
570,Vinay Bhat, chess grandmaster,,,,,,
571,Raj Bhavsar, third Indian American Olympic medalist,,,,,,
572,Brandon Chillar, NFL player,,,,,,
573,Jignesh Desai, cricketer,,,,,,
574,Sonjay Dutt, TNA pro wrestler,,,,,,
575,The Great Khali, WWE pro wrestler,,,,,,
576,Alexi Grewal, first Indian American to win an Olympic medal,,,,,,
577,Sunil Gulati, in charge of the United States Soccer Federation,,,,,,
578,Amjad Khan, cricketer,,,,,,
579,Ibrahim Khaleel, cricketer,,,,,,
580,Noshtush Kenjige, cricketer,,,,,,
581,Thirunavukkarasu Kumaran, cricketer,,,,,,
582,Anil Lashkari, cricketer,,,,,,
583,Sanjay Lal, wide receivers coach for the Buffalo Bills,,,,,,
584,Manny Malhotra, NHL hockey player,,,,,,
585,Aditya Mishra, cricketer,,,,,,
586,Sushil Nadkarni, American cricketer,,,,,,
587,Ami Parekh, figure skater,,,,,,
588,Japen Patel, cricketer,,,,,,
589,Mrunal Patel, cricketer,,,,,,
590,Sagar Patel, cricketer,,,,,,
591,Timil Patel, cricketer,,,,,,
592,Laxmi Poruri, tennis player,,,,,,
593,Abhimanyu Rajp, cricketer,,,,,,
594,Rajeev Ram, tennis player,,,,,,
595,Sunitha Rao, tennis player,,,,,,
596,Srini Santhanam, cricketer,,,,,,
597,Jessy Singh, cricketer,,,,,,
598,Shikha Uberoi, tennis player,,,,,,
599,Shiva Vashishat, cricketer,,,,,,
600,Bikram Choudhury, yoga guru,,,,,,
601,Dipa Ma, yoga teacher,,,,,,
602,Harbhajan Singh Yogi, introduced Kundalini Yoga and Sikhism to the US,,,,,,
603,Sunny Leone,,,,,,,
604,Priya Anjali Rai,,,,,,,